Open,High,Low,Last,Close,Total Trade Quantity,Turnover (Lacs)
910,934.5,909.8,933,932.3,23940,222.22
910,920,900,906,904.6,7726,70.06
937.6,937.6,910,910,911.75,12173,111.97
922,945.05,922,929,930.45,32206,300.98
865,938.8,855.1,923,922,108865,993.07
869,884.95,855.1,868.5,865.25,9746,84.49
882,889.85,862,865,868.7,8304,72.5
895.05,900,885.15,888,887.75,7890,70.23
900,900,885,898.9,895.6,10186,90.99
892.6,900,888.55,890,892.25,7753,69.21
892.05,902.1,885,897,896.65,7049,62.86
900.05,907.65,892,898,896.95,6930,62.15
920.1,920.1,895,899,897.95,13043,117.8
925,932.85,914.9,919.9,920.1,18614,171.32
909.75,914.9,891,892.5,895.15,8489,76.53
920,924.8,900.25,908.2,909.35,12296,111.9
923,925.9,910.1,914.9,914.1,8049,73.81
926.05,936.9,923.05,923.05,923.95,11923,110.43
951,959.7,925.35,931.85,935.45,12414,116.64
962,966.7,936.05,940,941,10327,98.1
983,983,961.1,962.1,962.7,10861,105.13
956.85,999,956.85,980,983.85,72261,711.38
986,988,968.8,987,976.8,15756,153.97
965,1013,960.15,991.8,986.1,52752,522.49
981.95,984,966.05,971.25,972.65,15809,153.93
945,1002.4,945,976.85,973.2,59419,581.97
972.5,972.5,943.85,959.8,955.65,20839,199.34
960,976.2,950,966,962.85,18142,175.16
971.95,977.9,938.8,961,957.55,31952,305.36
978,990.9,958.35,979,979.95,116555,1137.71
899,976.9,897,965,968.6,301818,2875.77
791,903.8,791,897,890.2,138791,1205.13
779,796.15,779,788,789.3,12994,102.6
782,795,775,782.05,782.05,13927,109.33
783,798.1,783,784.95,785.95,11238,88.8
774,787.6,772,783.6,782.2,12350,96.47
780.05,784.85,770.05,773,773.2,14579,113.24
793.95,793.95,780,786,785.05,18485,144.92
804,809,791.55,793.95,793.45,12861,102.7
812.9,814.9,801.55,804.75,804.15,9934,80.16
811,822.65,808,812.1,816.25,19543,159.01
819.2,823.8,812,815,813.6,9231,75.32
827.05,840.85,818.05,825.05,826.75,13018,107.83
839.35,848.95,828,830,831.6,7686,64.48
847.25,849.95,835.55,838.25,839.35,9271,78.02
820,855.9,820,848,848.1,21632,183.22
830,832.6,820.05,821,822.55,9711,80.18
825,835.8,824,826.5,828.75,13966,115.75
835,839.85,826,828,828,8342,69.27
841.1,846.75,835,836,836.75,10745,90.09
857,858.5,842.05,846,844.35,9325,78.95
844.2,878.95,833.15,857,858.5,19490,167.39
843.95,850,843,845,844.4,13304,112.6
860.05,860.05,840,840.1,843.9,22852,194.25
880,885.4,860,865,865.3,27245,237.25
896,897,885.05,887,887.05,18084,160.81
910,913.95,898,902.1,901,10004,90.5
911.1,920.95,896,917,914.4,27953,253.11
925.1,927,911,911.15,912,17703,162.14
931,935.95,923,925,925.1,15275,141.76
947.05,950.95,928.85,929.05,930.2,17843,166.96
966,968.5,945.65,948,948.85,16102,153.42
970.05,975,960,968.5,968.5,13532,130.93
960,1008,949.05,970,973.1,206279,1981.8
968,979.95,963.5,964,964.45,19326,187.09
987.5,992,968.7,970,973.75,23112,226.46
990.55,994.7,984,985,987.1,14867,147.2
995.55,998.95,987.5,988,990.45,13521,134.2
996,1010,996,997,999.55,10757,107.63
990,1004.35,989,995,996.9,9344,93.11
1019,1019.05,989.95,993,993.75,21152,210.96
1040,1040.05,1015,1019,1018.55,10423,106.28
1050,1050.05,1027.55,1028.2,1029.85,15574,160.92
1085,1098.95,1046.5,1056,1057.1,342352,3623.82
1043,1098,1011,1093.95,1081.35,84558,890.59
1035,1051,1035,1050,1048.7,8519,88.98
1020,1055,1020,1042.2,1042.35,22850,238.68
1008,1025,1005.55,1025,1022.75,13915,141.64
1015,1015.15,1005.05,1006,1008.75,10278,103.63
1020,1024,1006,1018,1015.65,11985,121.57
1025,1029,1011.25,1020.1,1021.95,10808,110.27
1031.95,1031.95,1009,1019.1,1021.35,25664,260.91
1044,1044,1030.05,1033,1032.85,11552,119.58
1046,1050.65,1032.95,1042,1039.75,9501,98.82
1054.5,1057.9,1043,1043.1,1044.3,103139,1079.83
1075,1083.65,1051.5,1054,1055.35,15397,164.32
1082,1087.95,1064,1065.5,1066.45,17672,189
1087.5,1091,1071.15,1091,1083.2,16119,174.56
1090,1091.85,1084,1086.5,1085.55,12712,138.11
1100,1103.95,1090,1091.2,1093.45,9761,107
1105.2,1118.9,1099,1101,1104.35,12620,139.75
1090.5,1122.05,1082.05,1106,1108.15,21116,231.65
1105,1105,1090,1091,1093.55,12282,134.74
1114.05,1115,1089.2,1094.5,1095,19044,209.47
1119,1131.95,1111.25,1116.9,1114.25,18861,211.43
1134.4,1134.4,1119,1119.1,1124.35,18615,209.45
1132.65,1134.95,1122,1127,1125.8,16572,186.87
1127,1138,1125,1128.6,1130.45,16390,185.25
1131,1145.9,1122.85,1124.5,1125.45,34914,395.38
1137.95,1144.5,1130,1131.3,1130.8,30039,340.99
1132,1149,1122.35,1133,1131.3,39907,452.59
1141.2,1145.9,1118,1121.1,1125.55,34939,395.94
1138,1153.4,1129.1,1141.2,1141.05,50624,577.52
1154,1155,1125,1127,1130,41959,478.99
1157,1164,1142,1142,1146.4,61793,713.75
1125,1159.9,1124,1147,1147.9,135266,1553.54
1115,1150,1105.1,1123,1123.05,144882,1634.09
1096,1098.05,1080.1,1083.2,1086.15,54719,595.56
1102,1106,1095,1095,1097.3,39956,438.8
1109.8,1110,1092.05,1103.9,1102.3,53653,590.92
1100.5,1112,1100.5,1103.7,1104.45,59514,657.73
1103.5,1118.85,1100.05,1102,1102.85,73013,808.3
1122,1131.25,1109.5,1111,1113.95,74994,836.92
1130,1140,1115,1115.05,1115.9,81682,919.28
1141,1147,1126.35,1129,1128.6,57565,652.47
1127.7,1155,1118,1150,1149.25,176365,2019.81
1152,1184.95,1121,1125,1132.85,1692143,19590.26
